{"schemaVersion":"1.0","appDefinitionTemplate":{"id":"/providers/Microsoft.PowerApps/apps/","type":"Microsoft.PowerApps/apps","tags":{"minimumRequiredApiVersion":"2.2.0"},"properties":{"appVersion":"2019-02-06T15:09:19Z","lifeCycleId":"Published","createdByClientVersion":{"major":3,"minor":19013,"build":14,"revision":0,"majorRevision":0,"minorRevision":0},"minClientVersion":{"major":3,"minor":19013,"build":14,"revision":0,"majorRevision":0,"minorRevision":0},"backgroundColor":"rgba(0, 176, 240, 1)","backgroundImageUri":"/1231166189415019685/N5b39e5ac-cfa2-4751-bb8e-820086e6b2ea-logoSmallFile","displayName":"SVG Donut Chart","description":"","appUris":{"documentUri":{"value":"/1231166189415019685/N2985b1ae-69db-48f2-a9ad-c80a6d41bb83-document.msapp","readonlyValue":"/1231166189415019685/N2985b1ae-69db-48f2-a9ad-c80a6d41bb83-document.msapp"},"imageUris":[]},"createdTime":"0001-01-01T00:00:00Z","lastModifiedTime":"0001-01-01T00:00:00Z","sharedGroupsCount":0,"sharedUsersCount":0,"icons":{"smallIconUri":"/1231166189415019685/Na8c13c72-92df-45b2-8499-89dcee1bc9fe-small.png","mediumIconUri":"/1231166189415019685/N302f98d5-ad0b-442d-8303-93110aabd3fb-medium.png","largeIconUri":"/1231166189415019685/N5ac06588-fcb4-4a68-95e9-9438cd9f1ec9-large.png","wideIconUri":"/1231166189415019685/N9c4fd49f-cbfc-41ba-8555-8a43c1d40c80-wide.png"},"connectionReferences":{},"almMode":"Environment"}}}